,image_id,is_male
0,3000.jpg,-1
1,3001.jpg,1
2,3002.jpg,-1
3,3003.jpg,1
4,3004.jpg,1
5,3005.jpg,-1
6,3006.jpg,-1
7,3007.jpg,-1
8,3008.jpg,1
9,3009.jpg,1
10,3010.jpg,-1
11,3011.jpg,1
12,3012.jpg,1
13,3013.jpg,-1
14,3014.jpg,1
15,3015.jpg,-1
16,3016.jpg,-1
17,3017.jpg,1
18,3018.jpg,1
19,3019.jpg,1
20,3020.jpg,-1
21,3021.jpg,-1
22,3022.jpg,-1
23,3023.jpg,-1
24,3024.jpg,-1
25,3025.jpg,-1
26,3026.jpg,1
27,3027.jpg,1
28,3028.jpg,-1
29,3029.jpg,-1
30,3030.jpg,-1
31,3031.jpg,1
32,3032.jpg,-1
33,3033.jpg,1
34,3034.jpg,1
35,3035.jpg,-1
36,3036.jpg,-1
37,3037.jpg,-1
38,3038.jpg,-1
39,3039.jpg,1
40,3040.jpg,-1
41,3041.jpg,1
42,3042.jpg,-1
43,3043.jpg,-1
44,3044.jpg,-1
45,3045.jpg,-1
46,3046.jpg,-1
47,3047.jpg,1
48,3048.jpg,-1
49,3049.jpg,-1
50,3050.jpg,-1
51,3051.jpg,-1
52,3052.jpg,-1
53,3053.jpg,-1
54,3054.jpg,-1
55,3055.jpg,1
56,3056.jpg,1
57,3057.jpg,-1
58,3058.jpg,1
59,3059.jpg,1
60,3060.jpg,-1
61,3061.jpg,1
62,3062.jpg,1
63,3063.jpg,1
64,3064.jpg,-1
65,3065.jpg,-1
66,3066.jpg,-1
67,3067.jpg,-1
68,3068.jpg,1
69,3069.jpg,1
70,3070.jpg,-1
71,3071.jpg,-1
72,3072.jpg,1
73,3073.jpg,-1
74,3074.jpg,-1
75,3075.jpg,-1
76,3076.jpg,1
77,3077.jpg,-1
78,3078.jpg,1
79,3079.jpg,-1
80,3080.jpg,-1
81,3081.jpg,-1
82,3082.jpg,-1
83,3083.jpg,-1
84,3084.jpg,1
85,3085.jpg,1
86,3086.jpg,1
87,3087.jpg,-1
88,3088.jpg,-1
89,3089.jpg,-1
90,3090.jpg,-1
91,3091.jpg,-1
92,3092.jpg,-1
93,3093.jpg,1
94,3094.jpg,-1
95,3095.jpg,-1
96,3096.jpg,1
97,3097.jpg,-1
98,3098.jpg,1
99,3099.jpg,1
100,3100.jpg,1
101,3101.jpg,1
102,3102.jpg,1
103,3103.jpg,1
104,3104.jpg,-1
105,3105.jpg,1
106,3106.jpg,1
107,3107.jpg,1
108,3108.jpg,1
109,3109.jpg,-1
110,3110.jpg,1
111,3111.jpg,-1
112,3112.jpg,1
113,3113.jpg,1
114,3114.jpg,1
115,3115.jpg,1
116,3116.jpg,1
117,3117.jpg,-1
118,3118.jpg,1
119,3119.jpg,1
120,3120.jpg,1
121,3121.jpg,-1
122,3122.jpg,1
123,3123.jpg,-1
124,3124.jpg,1
125,3125.jpg,-1
126,3126.jpg,1
127,3127.jpg,1
128,3128.jpg,-1
129,3129.jpg,1
130,3130.jpg,-1
131,3131.jpg,1
132,3132.jpg,-1
133,3133.jpg,1
134,3134.jpg,-1
135,3135.jpg,-1
136,3136.jpg,-1
137,3137.jpg,1
138,3138.jpg,-1
139,3139.jpg,-1
140,3140.jpg,-1
141,3141.jpg,-1
142,3142.jpg,-1
143,3143.jpg,-1
144,3144.jpg,-1
145,3145.jpg,-1
146,3146.jpg,1
147,3147.jpg,-1
148,3148.jpg,-1
149,3149.jpg,1
150,3150.jpg,-1
151,3151.jpg,-1
152,3152.jpg,-1
153,3153.jpg,-1
154,3154.jpg,-1
155,3155.jpg,-1
156,3156.jpg,-1
157,3157.jpg,-1
158,3158.jpg,-1
159,3159.jpg,-1
160,3160.jpg,-1
161,3161.jpg,-1
162,3162.jpg,1
163,3163.jpg,-1
164,3164.jpg,-1
165,3165.jpg,-1
166,3166.jpg,1
167,3167.jpg,1
168,3168.jpg,1
169,3169.jpg,1
170,3170.jpg,1
171,3171.jpg,1
172,3172.jpg,1
173,3173.jpg,1
174,3174.jpg,-1
175,3175.jpg,1
176,3176.jpg,-1
177,3177.jpg,1
178,3178.jpg,-1
179,3179.jpg,-1
180,3180.jpg,1
181,3181.jpg,1
182,3182.jpg,1
183,3183.jpg,1
184,3184.jpg,1
185,3185.jpg,-1
186,3186.jpg,-1
187,3187.jpg,-1
188,3188.jpg,1
189,3189.jpg,1
190,3190.jpg,-1
191,3191.jpg,-1
192,3192.jpg,1
193,3193.jpg,1
194,3194.jpg,1
195,3195.jpg,-1
196,3196.jpg,1
197,3197.jpg,-1
198,3198.jpg,-1
199,3199.jpg,-1
200,3200.jpg,-1
201,3201.jpg,1
202,3202.jpg,1
203,3203.jpg,1
204,3204.jpg,1
205,3205.jpg,-1
206,3206.jpg,-1
207,3207.jpg,-1
208,3208.jpg,1
209,3209.jpg,-1
210,3210.jpg,1
211,3211.jpg,-1
212,3212.jpg,-1
213,3213.jpg,1
214,3214.jpg,1
215,3215.jpg,-1
216,3216.jpg,-1
217,3217.jpg,-1
218,3218.jpg,-1
219,3219.jpg,-1
220,3220.jpg,1
221,3221.jpg,-1
222,3222.jpg,-1
223,3223.jpg,-1
224,3224.jpg,1
225,3225.jpg,-1
226,3226.jpg,-1
227,3227.jpg,-1
228,3228.jpg,-1
229,3229.jpg,1
230,3230.jpg,1
231,3231.jpg,1
232,3232.jpg,-1
233,3233.jpg,-1
234,3234.jpg,1
235,3235.jpg,-1
236,3236.jpg,1
237,3237.jpg,1
238,3238.jpg,-1
239,3239.jpg,-1
240,3240.jpg,1
241,3241.jpg,-1
242,3242.jpg,-1
243,3243.jpg,-1
244,3244.jpg,1
245,3245.jpg,1
246,3246.jpg,1
247,3247.jpg,-1
248,3248.jpg,1
249,3249.jpg,-1
250,3250.jpg,-1
251,3251.jpg,-1
252,3252.jpg,1
253,3253.jpg,-1
254,3254.jpg,-1
255,3255.jpg,-1
256,3256.jpg,1
257,3257.jpg,-1
258,3258.jpg,1
259,3259.jpg,1
260,3260.jpg,-1
261,3261.jpg,1
262,3262.jpg,-1
263,3263.jpg,1
264,3264.jpg,-1
265,3265.jpg,1
266,3266.jpg,1
267,3267.jpg,1
268,3268.jpg,-1
269,3269.jpg,1
270,3270.jpg,-1
271,3271.jpg,-1
272,3272.jpg,1
273,3273.jpg,-1
274,3274.jpg,-1
275,3275.jpg,1
276,3276.jpg,1
277,3277.jpg,1
278,3278.jpg,1
279,3279.jpg,1
280,3280.jpg,-1
281,3281.jpg,-1
282,3282.jpg,1
283,3283.jpg,-1
284,3284.jpg,1
285,3285.jpg,1
286,3286.jpg,-1
287,3287.jpg,-1
288,3288.jpg,-1
289,3289.jpg,1
290,3290.jpg,1
291,3291.jpg,-1
292,3292.jpg,-1
293,3293.jpg,-1
294,3294.jpg,1
295,3295.jpg,-1
296,3296.jpg,1
297,3297.jpg,-1
298,3298.jpg,-1
299,3299.jpg,-1
300,3300.jpg,1
301,3301.jpg,-1
302,3302.jpg,-1
303,3303.jpg,-1
304,3304.jpg,1
305,3305.jpg,1
306,3306.jpg,-1
307,3307.jpg,-1
308,3308.jpg,-1
309,3309.jpg,-1
310,3310.jpg,1
311,3311.jpg,1
312,3312.jpg,1
313,3313.jpg,-1
314,3314.jpg,-1
315,3315.jpg,1
316,3316.jpg,-1
317,3317.jpg,1
318,3318.jpg,1
319,3319.jpg,1
320,3320.jpg,1
321,3321.jpg,-1
322,3322.jpg,-1
323,3323.jpg,-1
324,3324.jpg,-1
325,3325.jpg,1
326,3326.jpg,-1
327,3327.jpg,-1
328,3328.jpg,1
329,3329.jpg,-1
330,3330.jpg,-1
331,3331.jpg,-1
332,3332.jpg,-1
333,3333.jpg,1
334,3334.jpg,-1
335,3335.jpg,-1
336,3336.jpg,-1
337,3337.jpg,1
338,3338.jpg,-1
339,3339.jpg,-1
340,3340.jpg,1
341,3341.jpg,1
342,3342.jpg,-1
343,3343.jpg,1
344,3344.jpg,-1
345,3345.jpg,1
346,3346.jpg,-1
347,3347.jpg,1
348,3348.jpg,-1
349,3349.jpg,-1
350,3350.jpg,1
351,3351.jpg,-1
352,3352.jpg,1
353,3353.jpg,-1
354,3354.jpg,-1
355,3355.jpg,-1
356,3356.jpg,-1
357,3357.jpg,1
358,3358.jpg,1
359,3359.jpg,1
360,3360.jpg,-1
361,3361.jpg,-1
362,3362.jpg,-1
363,3363.jpg,-1
364,3364.jpg,-1
365,3365.jpg,1
366,3366.jpg,1
367,3367.jpg,-1
368,3368.jpg,-1
369,3369.jpg,-1
370,3370.jpg,-1
371,3371.jpg,1
372,3372.jpg,-1
373,3373.jpg,-1
374,3374.jpg,-1
375,3375.jpg,-1
376,3376.jpg,-1
377,3377.jpg,-1
378,3378.jpg,-1
379,3379.jpg,-1
380,3380.jpg,1
381,3381.jpg,-1
382,3382.jpg,1
383,3383.jpg,1
384,3384.jpg,-1
385,3385.jpg,1
386,3386.jpg,1
387,3387.jpg,-1
388,3388.jpg,-1
389,3389.jpg,-1
390,3390.jpg,-1
391,3391.jpg,1
392,3392.jpg,1
393,3393.jpg,1
394,3394.jpg,1
395,3395.jpg,-1
396,3396.jpg,1
397,3397.jpg,-1
398,3398.jpg,-1
399,3399.jpg,-1
400,3400.jpg,-1
401,3401.jpg,1
402,3402.jpg,-1
403,3403.jpg,-1
404,3404.jpg,-1
405,3405.jpg,1
406,3406.jpg,1
407,3407.jpg,1
408,3408.jpg,-1
409,3409.jpg,1
410,3410.jpg,1
411,3411.jpg,1
412,3412.jpg,1
413,3413.jpg,-1
414,3414.jpg,-1
415,3415.jpg,1
416,3416.jpg,-1
417,3417.jpg,-1
418,3418.jpg,-1
419,3419.jpg,-1
420,3420.jpg,-1
421,3421.jpg,1
422,3422.jpg,-1
423,3423.jpg,-1
424,3424.jpg,1
425,3425.jpg,1
426,3426.jpg,-1
427,3427.jpg,1
428,3428.jpg,-1
429,3429.jpg,1
430,3430.jpg,-1
431,3431.jpg,-1
432,3432.jpg,-1
433,3433.jpg,-1
434,3434.jpg,1
435,3435.jpg,-1
436,3436.jpg,-1
437,3437.jpg,-1
438,3438.jpg,1
439,3439.jpg,1
440,3440.jpg,-1
441,3441.jpg,-1
442,3442.jpg,1
443,3443.jpg,-1
444,3444.jpg,1
445,3445.jpg,-1
446,3446.jpg,-1
447,3447.jpg,1
448,3448.jpg,-1
449,3449.jpg,1
450,3450.jpg,1
451,3451.jpg,-1
452,3452.jpg,-1
453,3453.jpg,-1
454,3454.jpg,-1
455,3455.jpg,-1
456,3456.jpg,-1
457,3457.jpg,-1
458,3458.jpg,1
459,3459.jpg,-1
460,3460.jpg,1
461,3461.jpg,-1
462,3462.jpg,-1
463,3463.jpg,1
464,3464.jpg,-1
465,3465.jpg,1
466,3466.jpg,-1
467,3467.jpg,-1
468,3468.jpg,-1
469,3469.jpg,1
470,3470.jpg,-1
471,3471.jpg,-1
472,3472.jpg,-1
473,3473.jpg,-1
474,3474.jpg,1
475,3475.jpg,-1
476,3476.jpg,-1
477,3477.jpg,1
478,3478.jpg,1
479,3479.jpg,-1
480,3480.jpg,-1
481,3481.jpg,1
482,3482.jpg,-1
483,3483.jpg,1
484,3484.jpg,-1
485,3485.jpg,-1
486,3486.jpg,-1
487,3487.jpg,-1
488,3488.jpg,1
489,3489.jpg,1
490,3490.jpg,1
491,3491.jpg,-1
492,3492.jpg,-1
493,3493.jpg,1
494,3494.jpg,-1
495,3495.jpg,1
496,3496.jpg,1
497,3497.jpg,1
498,3498.jpg,-1
499,3499.jpg,1
500,3500.jpg,1
501,3501.jpg,-1
502,3502.jpg,-1
503,3503.jpg,1
504,3504.jpg,-1
505,3505.jpg,1
506,3506.jpg,1
507,3507.jpg,1
508,3508.jpg,-1
509,3509.jpg,-1
510,3510.jpg,1
511,3511.jpg,1
512,3512.jpg,-1
513,3513.jpg,-1
514,3514.jpg,-1
515,3515.jpg,-1
516,3516.jpg,-1
517,3517.jpg,1
518,3518.jpg,1
519,3519.jpg,1
520,3520.jpg,-1
521,3521.jpg,1
522,3522.jpg,-1
523,3523.jpg,1
524,3524.jpg,1
525,3525.jpg,-1
526,3526.jpg,-1
527,3527.jpg,-1
528,3528.jpg,-1
529,3529.jpg,1
530,3530.jpg,-1
531,3531.jpg,-1
532,3532.jpg,1
533,3533.jpg,-1
534,3534.jpg,-1
535,3535.jpg,-1
536,3536.jpg,1
537,3537.jpg,-1
538,3538.jpg,1
539,3539.jpg,1
540,3540.jpg,-1
541,3541.jpg,1
542,3542.jpg,-1
543,3543.jpg,1
544,3544.jpg,1
545,3545.jpg,-1
546,3546.jpg,1
547,3547.jpg,-1
548,3548.jpg,1
549,3549.jpg,-1
550,3550.jpg,-1
551,3551.jpg,1
552,3552.jpg,-1
553,3553.jpg,1
554,3554.jpg,1
555,3555.jpg,1
556,3556.jpg,1
557,3557.jpg,-1
558,3558.jpg,1
559,3559.jpg,1
560,3560.jpg,1
561,3561.jpg,-1
562,3562.jpg,-1
563,3563.jpg,-1
564,3564.jpg,1
565,3565.jpg,-1
566,3566.jpg,-1
567,3567.jpg,-1
568,3568.jpg,1
569,3569.jpg,1
570,3570.jpg,-1
571,3571.jpg,-1
572,3572.jpg,1
573,3573.jpg,-1
574,3574.jpg,1
575,3575.jpg,1
576,3576.jpg,1
577,3577.jpg,-1
578,3578.jpg,1
579,3579.jpg,1
580,3580.jpg,1
581,3581.jpg,-1
582,3582.jpg,1
583,3583.jpg,1
584,3584.jpg,-1
585,3585.jpg,1
586,3586.jpg,-1
587,3587.jpg,-1
588,3588.jpg,-1
589,3589.jpg,-1
590,3590.jpg,-1
591,3591.jpg,-1
592,3592.jpg,-1
593,3593.jpg,1
594,3594.jpg,-1
595,3595.jpg,1
596,3596.jpg,1
597,3597.jpg,-1
598,3598.jpg,-1
599,3599.jpg,-1
600,3600.jpg,-1
601,3601.jpg,-1
602,3602.jpg,-1
603,3603.jpg,-1
604,3604.jpg,1
605,3605.jpg,1
606,3606.jpg,-1
607,3607.jpg,-1
608,3608.jpg,-1
609,3609.jpg,1
610,3610.jpg,-1
611,3611.jpg,1
612,3612.jpg,1
613,3613.jpg,-1
614,3614.jpg,-1
615,3615.jpg,-1
616,3616.jpg,-1
617,3617.jpg,-1
618,3618.jpg,-1
619,3619.jpg,1
620,3620.jpg,1
621,3621.jpg,1
622,3622.jpg,-1
623,3623.jpg,-1
624,3624.jpg,-1
625,3625.jpg,-1
626,3626.jpg,1
627,3627.jpg,1
628,3628.jpg,1
629,3629.jpg,-1
630,3630.jpg,1
631,3631.jpg,-1
632,3632.jpg,-1
633,3633.jpg,1
634,3634.jpg,-1
635,3635.jpg,1
636,3636.jpg,-1
637,3637.jpg,1
638,3638.jpg,1
639,3639.jpg,-1
640,3640.jpg,-1
641,3641.jpg,1
642,3642.jpg,1
643,3643.jpg,1
644,3644.jpg,-1
645,3645.jpg,1
646,3646.jpg,1
647,3647.jpg,-1
648,3648.jpg,1
649,3649.jpg,1
650,3650.jpg,1
651,3651.jpg,1
652,3652.jpg,-1
653,3653.jpg,-1
654,3654.jpg,-1
655,3655.jpg,1
656,3656.jpg,-1
657,3657.jpg,-1
658,3658.jpg,1
659,3659.jpg,1
660,3660.jpg,-1
661,3661.jpg,-1
662,3662.jpg,-1
663,3663.jpg,1
664,3664.jpg,-1
665,3665.jpg,1
666,3666.jpg,-1
667,3667.jpg,-1
668,3668.jpg,-1
669,3669.jpg,-1
670,3670.jpg,-1
671,3671.jpg,-1
672,3672.jpg,1
673,3673.jpg,1
674,3674.jpg,-1
675,3675.jpg,-1
676,3676.jpg,-1
677,3677.jpg,1
678,3678.jpg,1
679,3679.jpg,1
680,3680.jpg,1
681,3681.jpg,-1
682,3682.jpg,-1
683,3683.jpg,-1
684,3684.jpg,1
685,3685.jpg,-1
686,3686.jpg,-1
687,3687.jpg,-1
688,3688.jpg,1
689,3689.jpg,1
690,3690.jpg,1
691,3691.jpg,1
692,3692.jpg,-1
693,3693.jpg,1
694,3694.jpg,-1
695,3695.jpg,-1
696,3696.jpg,-1
697,3697.jpg,1
698,3698.jpg,-1
699,3699.jpg,1
700,3700.jpg,1
701,3701.jpg,-1
702,3702.jpg,-1
703,3703.jpg,-1
704,3704.jpg,-1
705,3705.jpg,-1
706,3706.jpg,-1
707,3707.jpg,-1
708,3708.jpg,-1
709,3709.jpg,1
710,3710.jpg,1
711,3711.jpg,-1
712,3712.jpg,1
713,3713.jpg,1
714,3714.jpg,-1
715,3715.jpg,1
716,3716.jpg,1
717,3717.jpg,-1
718,3718.jpg,-1
719,3719.jpg,-1
720,3720.jpg,-1
721,3721.jpg,1
722,3722.jpg,1
723,3723.jpg,1
724,3724.jpg,-1
725,3725.jpg,-1
726,3726.jpg,1
727,3727.jpg,1
728,3728.jpg,1
729,3729.jpg,1
730,3730.jpg,-1
731,3731.jpg,1
732,3732.jpg,1
733,3733.jpg,-1
734,3734.jpg,-1
735,3735.jpg,-1
736,3736.jpg,1
737,3737.jpg,-1
738,3738.jpg,1
739,3739.jpg,1
740,3740.jpg,1
741,3741.jpg,-1
742,3742.jpg,1
743,3743.jpg,-1
744,3744.jpg,-1
745,3745.jpg,-1
746,3746.jpg,1
747,3747.jpg,-1
748,3748.jpg,-1
749,3749.jpg,-1
750,3750.jpg,-1
751,3751.jpg,-1
752,3752.jpg,1
753,3753.jpg,1
754,3754.jpg,-1
755,3755.jpg,1
756,3756.jpg,-1
757,3757.jpg,-1
758,3758.jpg,1
759,3759.jpg,-1
760,3760.jpg,-1
761,3761.jpg,1
762,3762.jpg,-1
763,3763.jpg,-1
764,3764.jpg,1
765,3765.jpg,1
766,3766.jpg,-1
767,3767.jpg,1
768,3768.jpg,-1
769,3769.jpg,1
770,3770.jpg,-1
771,3771.jpg,-1
772,3772.jpg,-1
773,3773.jpg,1
774,3774.jpg,-1
775,3775.jpg,-1
776,3776.jpg,-1
777,3777.jpg,1
778,3778.jpg,-1
779,3779.jpg,-1
780,3780.jpg,1
781,3781.jpg,1
782,3782.jpg,-1
783,3783.jpg,-1
784,3784.jpg,1
785,3785.jpg,1
786,3786.jpg,-1
787,3787.jpg,1
788,3788.jpg,1
789,3789.jpg,-1
790,3790.jpg,1
791,3791.jpg,-1
792,3792.jpg,1
793,3793.jpg,1
794,3794.jpg,-1
795,3795.jpg,-1
796,3796.jpg,-1
797,3797.jpg,1
798,3798.jpg,1
799,3799.jpg,-1
800,3800.jpg,-1
801,3801.jpg,-1
802,3802.jpg,1
803,3803.jpg,1
804,3804.jpg,1
805,3805.jpg,1
806,3806.jpg,1
807,3807.jpg,1
808,3808.jpg,-1
809,3809.jpg,1
810,3810.jpg,-1
811,3811.jpg,-1
812,3812.jpg,1
813,3813.jpg,-1
814,3814.jpg,-1
815,3815.jpg,1
816,3816.jpg,-1
817,3817.jpg,-1
818,3818.jpg,-1
819,3819.jpg,1
820,3820.jpg,-1
821,3821.jpg,-1
822,3822.jpg,1
823,3823.jpg,1
824,3824.jpg,1
825,3825.jpg,-1
826,3826.jpg,1
827,3827.jpg,-1
828,3828.jpg,1
829,3829.jpg,1
830,3830.jpg,1
831,3831.jpg,-1
832,3832.jpg,-1
833,3833.jpg,-1
834,3834.jpg,-1
835,3835.jpg,1
836,3836.jpg,-1
837,3837.jpg,-1
838,3838.jpg,-1
839,3839.jpg,-1
840,3840.jpg,-1
841,3841.jpg,1
842,3842.jpg,1
843,3843.jpg,-1
844,3844.jpg,-1
845,3845.jpg,-1
846,3846.jpg,1
847,3847.jpg,-1
848,3848.jpg,1
849,3849.jpg,1
850,3850.jpg,1
851,3851.jpg,-1
852,3852.jpg,-1
853,3853.jpg,1
854,3854.jpg,-1
855,3855.jpg,-1
856,3856.jpg,-1
857,3857.jpg,-1
858,3858.jpg,1
859,3859.jpg,-1
860,3860.jpg,1
861,3861.jpg,1
862,3862.jpg,-1
863,3863.jpg,-1
864,3864.jpg,-1
865,3865.jpg,1
866,3866.jpg,-1
867,3867.jpg,-1
868,3868.jpg,1
869,3869.jpg,-1
870,3870.jpg,1
871,3871.jpg,1
872,3872.jpg,1
873,3873.jpg,-1
874,3874.jpg,-1
875,3875.jpg,1
876,3876.jpg,-1
877,3877.jpg,1
878,3878.jpg,1
879,3879.jpg,1
880,3880.jpg,1
881,3881.jpg,-1
882,3882.jpg,-1
883,3883.jpg,-1
884,3884.jpg,1
885,3885.jpg,1
886,3886.jpg,-1
887,3887.jpg,-1
888,3888.jpg,1
889,3889.jpg,1
890,3890.jpg,1
891,3891.jpg,1
892,3892.jpg,-1
893,3893.jpg,-1
894,3894.jpg,-1
895,3895.jpg,-1
896,3896.jpg,1
897,3897.jpg,-1
898,3898.jpg,-1
899,3899.jpg,-1
900,3900.jpg,-1
901,3901.jpg,-1
902,3902.jpg,-1
903,3903.jpg,1
904,3904.jpg,-1
905,3905.jpg,1
906,3906.jpg,-1
907,3907.jpg,-1
908,3908.jpg,-1
909,3909.jpg,1
910,3910.jpg,1
911,3911.jpg,-1
912,3912.jpg,-1
913,3913.jpg,-1
914,3914.jpg,-1
915,3915.jpg,-1
916,3916.jpg,1
917,3917.jpg,-1
918,3918.jpg,-1
919,3919.jpg,1
920,3920.jpg,-1
921,3921.jpg,-1
922,3922.jpg,1
923,3923.jpg,-1
924,3924.jpg,1
925,3925.jpg,-1
926,3926.jpg,-1
927,3927.jpg,1
928,3928.jpg,-1
929,3929.jpg,-1
930,3930.jpg,1
931,3931.jpg,-1
932,3932.jpg,-1
933,3933.jpg,1
934,3934.jpg,1
935,3935.jpg,1
936,3936.jpg,-1
937,3937.jpg,1
938,3938.jpg,1
939,3939.jpg,1
940,3940.jpg,-1
941,3941.jpg,1
942,3942.jpg,-1
943,3943.jpg,-1
944,3944.jpg,1
945,3945.jpg,-1
946,3946.jpg,-1
947,3947.jpg,1
948,3948.jpg,-1
949,3949.jpg,-1
950,3950.jpg,1
951,3951.jpg,-1
952,3952.jpg,1
953,3953.jpg,1
954,3954.jpg,-1
955,3955.jpg,-1
956,3956.jpg,1
957,3957.jpg,-1
958,3958.jpg,-1
959,3959.jpg,1
960,3960.jpg,1
961,3961.jpg,-1
962,3962.jpg,1
963,3963.jpg,-1
964,3964.jpg,1
965,3965.jpg,1
966,3966.jpg,-1
967,3967.jpg,-1
968,3968.jpg,-1
969,3969.jpg,-1
970,3970.jpg,-1
971,3971.jpg,-1
972,3972.jpg,1
973,3973.jpg,-1
974,3974.jpg,-1
975,3975.jpg,-1
976,3976.jpg,1
977,3977.jpg,-1
978,3978.jpg,-1
979,3979.jpg,-1
980,3980.jpg,1
981,3981.jpg,1
982,3982.jpg,-1
983,3983.jpg,-1
984,3984.jpg,1
985,3985.jpg,-1
986,3986.jpg,-1
987,3987.jpg,-1
988,3988.jpg,-1
989,3989.jpg,1
990,3990.jpg,-1
991,3991.jpg,-1
992,3992.jpg,1
993,3993.jpg,-1
994,3994.jpg,-1
995,3995.jpg,-1
996,3996.jpg,1
997,3997.jpg,1
998,3998.jpg,-1
999,3999.jpg,1
1000,4000.jpg,-1
1001,4001.jpg,1
1002,4002.jpg,1
1003,4003.jpg,-1
1004,4004.jpg,1
1005,4005.jpg,1
1006,4006.jpg,1
1007,4007.jpg,1
1008,4008.jpg,-1
1009,4009.jpg,1
1010,4010.jpg,-1
1011,4011.jpg,-1
1012,4012.jpg,1
1013,4013.jpg,1
1014,4014.jpg,1
1015,4015.jpg,-1
1016,4016.jpg,-1
1017,4017.jpg,-1
1018,4018.jpg,-1
1019,4019.jpg,-1
1020,4020.jpg,1
1021,4021.jpg,1
1022,4022.jpg,1
1023,4023.jpg,-1
1024,4024.jpg,-1
1025,4025.jpg,1
1026,4026.jpg,-1
1027,4027.jpg,-1
1028,4028.jpg,-1
1029,4029.jpg,1
1030,4030.jpg,-1
1031,4031.jpg,-1
1032,4032.jpg,1
1033,4033.jpg,1
1034,4034.jpg,1
1035,4035.jpg,1
1036,4036.jpg,-1
1037,4037.jpg,1
1038,4038.jpg,-1
1039,4039.jpg,-1
1040,4040.jpg,-1
1041,4041.jpg,-1
1042,4042.jpg,-1
1043,4043.jpg,-1
1044,4044.jpg,-1
1045,4045.jpg,-1
1046,4046.jpg,-1
1047,4047.jpg,1
1048,4048.jpg,1
1049,4049.jpg,1
1050,4050.jpg,1
1051,4051.jpg,-1
1052,4052.jpg,-1
1053,4053.jpg,1
1054,4054.jpg,1
1055,4055.jpg,-1
1056,4056.jpg,-1
1057,4057.jpg,1
1058,4058.jpg,-1
1059,4059.jpg,-1
1060,4060.jpg,-1
1061,4061.jpg,1
1062,4062.jpg,-1
1063,4063.jpg,-1
1064,4064.jpg,1
1065,4065.jpg,-1
1066,4066.jpg,1
1067,4067.jpg,1
1068,4068.jpg,-1
1069,4069.jpg,-1
1070,4070.jpg,-1
1071,4071.jpg,1
1072,4072.jpg,-1
1073,4073.jpg,1
1074,4074.jpg,1
1075,4075.jpg,1
1076,4076.jpg,-1
1077,4077.jpg,-1
1078,4078.jpg,-1
1079,4079.jpg,-1
1080,4080.jpg,1
1081,4081.jpg,1
1082,4082.jpg,-1
1083,4083.jpg,1
